CountryID;Country Name;WEBNAME;Region;World Rank;Region Rank;2020 Score;Property Rights;Judical Effectiveness;Government Integrity;Tax Burden;Gov't Spending;Fiscal Health;Business Freedom;Labor Freedom;Monetary Freedom;Trade Freedom;Investment Freedom ;Financial Freedom;Tariff Rate (%);Income Tax Rate (%);Corporate Tax Rate (%);Tax Burden % of GDP;Gov't Expenditure % of .GDP ;Country;Population (Millions);GDP (Billions. PPP);GDP Growth Rate (%);5 Year GDP Growth Rate (%);GDP per Capita (PPP);Unemployment (%);Inflation (%);FDI Inflow (Millions);Public Debt (% of GDP)
1;Afghanistan;Afghanistan;Asia-Pacific;136;33;54.7;48.3;30.0;24.8;91.4;79.2;99.9;54.7;61.6;81;66.0;10;10;7.0;20.0;20.0;7.6;26.3;Afghanistan;36.0;$72.6 ;2.3;2.2;$2.017;1.5;0.6;139.2;7.1
2;Albania;Albania;Europe;57;30;66.9;57.1;33.0;38.8;85.9;74.6;86.3;65.7;52.1;81.2;88.4;70;70;0.8;23.0;15.0;25.7;29.1;Albania;2.9;$38.4 ;4.2;3.1;$13.345;13.9;2.0;1.293.6;68.6
3;Algeria;Algeria;Middle East and North Africa;169;14;46.9;37.9;35.0;28.3;75.4;52.6;17.3;63.0;50.5;76.2;66.2;30;30;9.4;35.0;23.0;26.6;39.8;Algeria;42.6;$657.5 ;2.1;2.8;$15.440;12.2;4.3;1.506.3;36.9
4;Angola;Angola;Sub-Saharan Africa;154;35;52.2;36.9;14.3;15.1;87.3;85.7;71.9;57.7;61.1;59.6;66.2;30;40;9.4;17.0;30.0;9.2;21.8;Angola;29.3;$199.3 ;-1.7;0.3;$6.814;7.3;19.6;-5.732.5;88.1
5;Argentina;Argentina;Americas;149;26;53.1;50.5;47.0;49.7;69.6;50.7;24.7;60.2;46.5;53.7;69.2;55;60;7.9;35.0;30.0;30.3;40.5;Argentina;44.6;$915.1 ;-2.5;-0.3;$20.537;9.5;34.3;12.161.8;86.3
6;Armenia;Armenia;Europe;34;18;70.6;60.7;54.1;43.4;84.9;80.6;68.8;81.0;72.5;76.0;80.6;75;70;2.2;26.0;20.0;20.8;25.4;Armenia;3.0;$30.4 ;5.0;3.9;$10.176;17.7;2.5;254.3;48.5
7;Australia;Australia;Asia-Pacific;4;4;82.6;82.8;86.1;89.3;63.0;61.6;91.8;87.8;84.0;86.2;88.2;80;90;0.9;45.0;30.0;27.8;35.8;Australia;25.2;$1.318.2 ;2.8;2.6;$52.373;5.4;2.0;60.438.1;40.7
8;Austria;Austria;Europe;29;16;73.3;87.3;73.2;84.0;51.3;27.2;87.9;73.0;68.3;81.0;86.4;90;70;1.8;50.0;25.0;41.8;49.3;Austria;8.9;$463.2 ;2.7;1.8;$52.137;4.8;2.1;7.618.2;74.2
9;Azerbaijan;Azerbaijan;Europe;44;24;69.3;67.1;53.9;38.7;88.0;63.0;99.2;80.8;66.2;69.8;74.6;70;60;5.2;25.0;20.0;13.3;35.1;Azerbaijan;9.9;$179.7 ;1.4;0.4;$18.076;5.2;2.3;1.403.0;19.4
10;Bahamas;Bahamas;Americas;69;13;64.5;54.9;46.4;46.0;96.8;87.4;69.2;69.0;70.0;76.3;47.8;50;60;18.6;0.0;0.0;17.9;20.5;Bahamas;0.4;$12.6 ;2.3;0.6;$33.494;11.9;2.2;942.8;61.0
11;Bahrain;Bahrain;Middle East and North Africa;63;4;66.3;70.6;48.4;51.0;99.4;66.1;2.6;70.5;71.1;81.1;79.4;75;80;7.8;0.0;0.0;7.8;33.6;Bahrain;1.5;$74.1 ;1.8;3.3;$50.057;1.0;2.1;1.515.2;93.4
12;Bangladesh;Bangladesh;Asia-Pacific;122;29;56.4;41.0;36.1;26.6;72.7;94.3;76.8;52.3;68.4;70.0;63.6;45;30;10.7;25.0;45.0;9.1;13.7;Bangladesh;164.9;$761.7 ;7.7;7.1;$4.620;4.3;5.6;3.613.3;34.8
13;Barbados;Barbados;Americas;92;17;61.4;56.6;36.1;44.0;73.6;69.2;63.1;69.4;60.0;77.9;56.6;70;60;14.2;40.0;5.5;31.8;32.0;Barbados;0.3;$5.3 ;-0.5;0.7;$18.534;9.6;3.6;195.1;124.5
14;Belarus;Belarus;Europe;88;41;61.7;63.2;48.4;37.4;88.8;54.1;95.4;76.4;74.8;69.8;82.0;30;20;1.5;13.0;18.0;25.1;39.1;Belarus;9.5;$189.2 ;3.0;0.2;$20.003;5.7;4.9;1.469.4;47.8
15;Belgium;Belgium;Europe;48;26;68.9;84.5;62.5;80.2;46.7;17.2;77.0;75.2;61.1;80.5;86.4;85;70;1.8;50.0;29.0;44.6;52.5;Belgium;11.4;$550.5 ;1.4;1.5;$48.245;6.3;2.3;4.872.6;101.4
16;Belize;Belize;Americas;111;22;57.4;44.4;46.4;33.5;79.5;66.3;53.9;60.9;54.3;80.4;64.2;55;50;10.4;25.0;25.0;28.2;33.5;Belize;0.4;$3.4 ;3.0;2.2;$8.501;9.4;0.3;119.5;94.8
17;Benin;Benin;Sub-Saharan Africa;133;24;55.2;41.3;36.4;29.6;69.0;84.2;46.6;58.0;53.7;84.3;49.4;60;50;17.8;45.0;30.0;13.2;23.0;Benin;11.4;$27.7 ;6.5;5.0;$2.426;2.1;1.0;207.5;54.6
18;Bhutan;Bhutan;Asia-Pacific;85;17;62.1;69.9;46.4;51.2;82.9;71.1;74.8;68.2;79.4;71.6;79.4;20;30;2.8;25.0;30.0;13.6;31.1;Bhutan;0.8;$7.8 ;5.8;6.1;$9.540;2.2;3.6;5.9;102.6
19;Bolivia;Bolivia;Americas;175;30;42.8;20.1;11.2;23.1;86.3;54.2;14.2;58.3;52.9;69.9;67.8;15;40;6.1;13.0;25.0;23.9;39.1;Bolivia;11.2;$84.1 ;4.3;4.6;$7.477;3.3;2.3;255.1;53.9
20;Bosnia and Herzegovina;BosniaHerzegovina;Europe;82;38;62.6;44.4;33.9;41.8;83.6;49.3;97.3;45.7;67.4;82.7;80.0;65;60;2.5;10.0;10.0;37.9;41.1;Bosnia and Herzegovina;3.5;$47.3 ;3.1;2.7;$13.491;20.8;1.4;467.7;37.0
21;Botswana;Botswana;Sub-Saharan Africa;40;3;69.6;60.9;45.2;46.4;87.0;69.1;97.5;69.3;68.2;73.6;82.8;65;70;1.1;25.0;22.0;14.0;32.1;Botswana;2.3;$41.9 ;4.6;2.9;$17.965;17.9;3.2;228.7;12.9
22;Brazil;Brazil;Americas;144;25;53.7;57.3;46.7;45.6;70.4;54.6;4.6;60.5;49.5;77.2;67.8;60;50;8.6;27.5;34.0;32.3;38.9;Brazil;208.3;$3.365.3 ;1.1;-0.8;$16.154;12.5;3.7;61.223.0;87.9
186;Brunei Darussalam;Brunei ;Asia-Pacific;61;13;66.6;69.8;56.8;49.6;89.8;61.5;20.0;84.1;90.5;77.1;85.0;65;50;0.0;0.0;18.5;26.0;35.8;Brunei Darussalam;0.4;$34.6 ;-0.2;-0.9;$79.530;9.2;0.1;504.0;2.5
23;Bulgaria;Bulgaria;Europe;36;19;70.2;64.2;45.4;44.2;90.3;66.1;99.2;62.6;68.1;85.7;86.4;70;60;1.8;10.0;10.0;27.7;33.6;Bulgaria;7.0;$162.3 ;3.2;3.3;$23.156;5.3;2.6;2.058.8;20.5
24;Burkina Faso;BurkinaFaso;Sub-Saharan Africa;117;15;56.7;46.9;42.6;34.1;81.3;77.0;49.2;47.6;52.1;82.4;61.8;65;40;9.1;27.5;28.0;18.1;27.7;Burkina Faso;19.5;$38.8 ;6.0;5.3;$1.996;6.1;2.0;480.0;43.0
25;Burma;Burma;Asia-Pacific;141;35;54.0;32.5;14.3;31.5;86.6;87.5;84.6;53.1;59.9;77.5;70.8;30;20;4.6;20.0;30.0;6.1;20.4;Burma;52.8;$328.4 ;6.7;6.8;$6.217;1.6;5.9;3.554.0;38.2
26;Burundi;Burundi;Sub-Saharan Africa;166;41;49.0;24.9;26.9;22.3;73.7;85.8;13.2;55.1;67.4;70.3;68.2;50;30;5.9;35.0;35.0;13.6;21.8;Burundi;11.2;$8.2 ;0.1;-0.1;$733;1.5;1.2;1.0;58.4
27;Cambodia;Cambodia;Asia-Pacific;113;25;57.3;43.1;28.1;14.8;89.4;83.9;94.8;31.2;62.5;74.8;65.4;50;50;9.8;20.0;20.0;16.2;23.2;Cambodia;16.3;$70.5 ;7.3;7.1;$4.335;1.1;1.3;3.102.6;29.4
28;Cameroon;Cameroon;Sub-Saharan Africa;145;29;53.6;45.3;30.8;20.8;74.8;88.3;63.7;46.0;50.1;84.1;59.6;30;50;12.7;35.0;33.0;14.4;19.8;Cameroon;24.9;$95.3 ;4.0;4.8;$3.828;3.4;2.4;701.7;37.7
29;Canada;Canada;Americas;9;1;78.2;87.7;72.7;90.3;76.5;50.9;83.3;81.7;72.0;76.0;87.0;80;80;1.5;33.0;15.0;32.2;40.5;Canada;37.0;$1.836.8 ;1.8;1.9;$49.651;5.9;0.9;39.624.6;90.6
30;Cabo Verde;CaboVerde;Sub-Saharan Africa;76;5;63.6;47.5;48.0;46.1;77.7;71.7;66.2;58.5;55.6;83.1;68.2;80;60;10.9;50.0;30.0;6.9;30.7;Cabo Verde;0.6;$4.0 ;4.7;3.0;$7.316;12.3;2.2;99.6;127.7
31;Central African Republic;CentralAfricanRepublic;Sub-Saharan Africa;159;36;50.7;38.1;31.7;24.3;65.5;93.5;95.3;24.3;40.4;73.3;47.2;45;30;16.4;50.0;30.0;6.9;14.7;Central African Republic;5.1;$3.6 ;4.3;3.8;$712;6.5;3.0;18.0;48.5
32;Chad;Chad;Sub-Saharan Africa;161;38;50.2;32.4;27.4;15.1;45.8;93.5;95.6;26.8;43.0;76.1;47.2;60;40;16.4;60.0;45.0;7.7;14.8;Chad;12.5;$30.2 ;3.1;0.4;$2.415;2.2;2.5;662.2;46.6
33;Chile;Chile;Americas;15;2;76.8;69.9;61.1;73.4;76.4;80.8;90.5;75.0;64.7;85.2;89.0;85;70;0.5;35.0;27.0;20.2;25.3;Chile;18.5;$481.8 ;4.0;2.2;$25.978;7.2;2.3;7.160.1;25.6
34;China;China;Asia-Pacific;103;20;59.5;60.9;76.3;46.0;70.4;67.9;67.5;76.8;64.4;71.1;72.4;20;20;3.8;45.0;25.0;17.5;32.7;China;1395.4;$25.270.1 ;6.6;6.9;$18.110;4.4;2.1;139.043.5;50.5
35;Colombia;Colombia;Americas;45;4;69.2;61.1;32.8;46.1;70.4;77.0;85.5;71.3;78.0;77.5;81.2;80;70;4.4;39.0;33.0;18.8;27.7;Colombia;49.8;$744.7 ;2.7;2.8;$14.943;9.1;3.2;11.009.9;50.5
36;Comoros;Comoros;Sub-Saharan Africa;143;28;53.7;43.1;31.7;23.8;63.6;73.6;85.0;47.8;60.3;81.7;59.2;45;30;10.4;30.0;50.0;15.5;29.7;Comoros;0.8;$1.4 ;2.8;2.1;$1.632;3.7;2.0;7.9;31.2
37;Congo. Democratic Republic of the Congo;DemcoraticRepublicCongo;Sub-Saharan Africa;162;39;49.5;30.1;26.5;13.1;74.4;95.4;98.0;51.2;41.6;49.6;64.6;30;20;10.2;30.0;40.0;7.6;12.4;Congo. Democratic Republic of the Congo;95.0;$72.9 ;3.9;5.2;$767;4.2;29.3;1.493.9;15.7
38;Congo. Republic of;RepublicCongo;Sub-Saharan Africa;176;46;41.8;40.7;30.0;23.1;63.3;56.2;0.6;37.5;35.3;83.2;56.8;45;30;11.6;45.0;34.0;22.1;38.2;Congo. Republic of;4.5;$30.3 ;0.8;0.9;$6.799;10.4;1.2;4.313.1;98.5
39;Costa Rica;CostaRica;Americas;68;12;65.8;66.7;54.4;57.2;78.9;88.4;39.7;66.5;55.0;81.2;81.4;70;50;1.8;25.0;30.0;24.1;19.7;Costa Rica;5.0;$88.2 ;2.7;3.5;$17.559;8.1;2.3;2.134.2;53.5
40;Côte d'Ivoire;CoeDivoire;Sub-Saharan Africa;101;9;59.7;48.5;33.0;25.5;77.8;82.5;66.9;62.3;49.2;75.7;69.4;75;50;10.3;36.0;25.0;17.4;24.2;Côte d'Ivoire;25.6;$107.0 ;7.4;8.1;$4.178;2.5;0.3;912.9;52.2
41;Croatia;Croatia;Europe;84;39;62.2;69.9;39.6;51.0;65.9;34.7;89.1;53.6;44.0;77.6;86.4;75;60;2.0;40.0;18.0;38.6;46.6;Croatia;4.1;$107.4 ;2.7;2.3;$26.221;8.9;1.5;1.159.4;73.9
42;Cuba;Cuba;Americas;178;31;26.9;20.1;10.0;38.7;49.5;0.0;14.8;20.0;20.0;64.1;65.6;10;10;7.2;50.0;30.0;40.6;64.8;Cuba;11.3;$155.9 ;2.3;2.0;$13.750;2.3;6.9;1542.18;51.0
43;Cyprus;Cyprus;Europe;37;20;70.1;77.4;50.5;57.6;74.8;58.6;80.0;76.6;59.7;84.3;86.4;75;60;1.8;35.0;12.5;33.7;37.1;Cyprus;0.9;$34.5 ;3.9;2.8;$39.973;8.1;0.8;3.285.0;102.5
44;Czech Republic;CzechRepublic;Europe;23;13;74.8;76.8;49.9;64.2;82.0;52.7;97.8;69.7;77.6;80.8;86.4;80;80;1.8;15.0;19.0;34.9;39.7;Czech Republic;10.6;$395.9 ;2.9;3.5;$37.371;2.4;2.2;9.478.9;33.0
45;Denmark;Denmark;Europe;8;4;78.3;86.3;84.6;93.0;42.0;19.7;97.7;88.7;86.2;84.6;86.4;90;80;1.8;56.0;23.5;46.0;51.7;Denmark;5.8;$301.3 ;1.2;2.0;$52.121;5.0;0.7;1.789.5;34.3
46;Djibouti;Djibouti;Sub-Saharan Africa;151;33;52.9;58.8;31.7;25.5;75.3;53.6;10.9;62.3;60.6;76.5;49.8;80;50;17.6;30.0;25.0;30.8;39.3;Djibouti;1.0;$4.0 ;6.7;6.5;$3.786;11.1;-0.1;265.0;67.4
47;Dominica;Dominica;Americas;97;20;60.8;59.8;62.6;51.2;70.5;16.0;86.2;70.4;60.7;83.5;68.4;70;30;8.3;35.0;30.0;28.7;52.9;Dominica;0.1;$0.7 ;-12.0;-2.8;$9.886;0.0;1.4;-37.2;83.1
48;Dominican Republic;DominicanRepublic;Americas;95;19;60.9;55.8;18.2;31.2;84.5;90.5;82.4;50.3;57.5;73.5;76.6;70;40;4.2;25.0;27.0;13.9;17.8;Dominican Republic;10.3;$189.2 ;7.0;6.6;$18.425;5.8;3.6;2.535.3;41.6
49;Ecuador;Ecuador;Americas;158;28;51.3;40.4;20.7;33.4;77.5;57.9;62.3;53.8;48.0;81.0;66.0;35;40;7.0;35.0;25.0;19.9;37.5;Ecuador;17.0;$199.5 ;1.1;1.2;$11.718;3.9;-0.2;1.401.0;46.1
50;Egypt;Egypt;Middle East and North Africa;142;11;54.0;48.5;51.2;34.0;86.1;69.9;2.8;62.0;51.5;61.3;70.2;60;50;7.4;25.0;23.0;15.2;31.7;Egypt;97.0;$1.296.3 ;5.3;4.2;$13.366;11.4;20.9;6.797.6;92.6
51;El Salvador;ElSalvador;Americas;90;16;61.6;41.6;30.1;31.6;77.8;82.8;80.0;53.6;52.3;78.6;80.8;70;60;2.1;30.0;30.0;20.4;23.9;El Salvador;6.6;$53.4 ;2.5;2.3;$8.041;4.4;1.1;839.6;67.1
52;Equatorial Guinea;EquatorialGuinea;Sub-Saharan Africa;167;42;48.3;38.1;19.5;15.1;75.1;86.4;77.2;37.5;34.2;78.1;48.8;40;30;15.6;35.0;35.0;5.9;21.3;Equatorial Guinea;1.3;$29.8 ;-5.7;-5.6;$22.710;9.2;1.3;395.9;35.9
53;Eritrea;Eritrea;Sub-Saharan Africa;177;47;38.5;32.5;14.3;21.4;81.4;74.7;0.0;18.2;69.7;61.0;69.2;0;20;5.4;30.0;30.0;8.0;29.1;Eritrea;6.0;$10.0 ;4.2;3.3;$1.657;6.5;9.0;61.0;129.4
54;Estonia;Estonia;Europe;10;5;77.7;83.2;73.7;85.9;81.1;53.3;99.9;73.5;57.3;78.6;86.4;90;70;1.8;20.0;20.0;33.0;39.4;Estonia;1.3;$45.0 ;3.9;3.4;$34.096;5.5;3.4;1.309.4;8.1
156;Eswatini;Eswatini;Sub-Saharan Africa;131;22;55.3;49.8;42.4;37.2;72.8;62.8;17.6;58.9;67.9;75.2;88.6;50;40;0.7;33.0;28.0;29.1;35.2;Eswatini;1.1;$12.1 ;0.2;1.5;$11.020;22.5;4.8;25.4;34.9
55;Ethiopia;Ethiopia;Sub-Saharan Africa;146;30;53.6;36.5;45.1;29.4;77.4;90.8;79.2;48.6;57.6;62.7;60.8;35;20;12.1;35.0;30.0;11.6;17.5;Ethiopia;94.1;$219.5 ;7.7;9.3;$2.332;1.8;13.8;3.310.3;61.1
56;Fiji;Fiji;Asia-Pacific;77;15;63.4;69.9;42.6;45.6;80.5;68.9;84.2;62.6;76.2;72.5;52.8;55;50;16.1;29.0;20.0;26.6;32.2;Fiji;0.9;$9.1 ;3.2;3.3;$10.234;4.2;4.1;344.1;49.7
57;Finland;Finland;Europe;20;11;75.7;92.3;80.5;96.1;67.5;11.2;90.7;84.8;50.3;83.6;86.4;85;80;1.8;31.3;20.0;43.3;54.4;Finland;5.5;$256.5 ;2.4;1.4;$46.430;7.8;1.2;1.225.2;60.5
58;France;France;Europe;64;34;66.0;85.9;71.2;83.3;48.8;4.5;67.1;82.5;46.1;76.7;81.4;75;70;1.8;45.0;31.0;46.2;56.4;France;64.7;$2.962.8 ;1.5;1.4;$45.775;9.2;2.1;37.293.8;98.6
59;Gabon;Gabon;Sub-Saharan Africa;118;16;56.7;36.9;20.8;36.7;74.3;89.3;88.9;52.1;52.3;77.3;51.2;60;40;16.9;35.0;30.0;21.1;18.9;Gabon;2.1;$38.0 ;1.2;2.4;$18.496;19.5;4.8;845.8;58.2
60;Gambia;Gambia;Sub-Saharan Africa;123;18;56.3;43.9;43.4;39.2;74.6;85.6;25.3;53.5;67.4;63.3;64.6;65;50;12.7;35.0;32.0;17.2;21.9;Gambia;2.2;$6.1 ;6.6;3.3;$2.792;8.9;6.5;29.1;83.2
61;Georgia;Georgia;Europe;12;6;77.1;68.6;57.9;64.8;87.1;73.6;94.4;85.3;76.3;78.3;88.6;80;70;0.7;20.0;15.0;25.7;29.6;Georgia;3.7;$42.6 ;4.7;4.0;$11.485;14.1;2.6;1.232.4;44.5
62;Germany;Germany;Europe;27;14;73.5;80.5;74.3;82.8;60.9;42.2;92.9;82.8;53.0;76.7;86.4;80;70;1.8;47.5;15.8;37.5;43.9;Germany;82.9;$4.356.4 ;1.5;1.9;$52.559;3.4;1.9;25.706.2;59.8
63;Ghana;Ghana;Sub-Saharan Africa;104;11;59.4;52.5;46.1;32.2;78.4;88.1;35.6;58.4;59.3;68.9;63.8;70;60;10.6;35.0;25.0;17.6;20.0;Ghana;29.6;$190.7 ;5.6;4.5;$6.452;6.7;9.8;2.989.0;59.6
64;Greece;Greece;Europe;100;44;59.9;57.0;48.6;51.2;59.0;31.5;80.0;73.7;52.0;79.4;81.4;55;50;1.8;42.0;28.0;39.4;47.8;Greece;10.7;$312.7 ;2.1;0.7;$29.123;19.2;0.8;4.256.7;183.3
65;Guatemala;Guatemala;Americas;73;14;64.0;45.5;32.2;29.6;79.2;95.6;95.7;62.6;48.4;77.4;82.2;70;50;1.4;31.0;31.0;12.4;12.1;Guatemala;17.3;$145.6 ;3.1;3.5;$8.436;2.7;3.8;1.056.0;24.5
66;Guinea;Guinea;Sub-Saharan Africa;121;17;56.5;38.7;33.3;16.1;70.0;91.4;93.8;55.4;58.0;70.6;60.4;50;40;12.3;40.0;35.0;13.3;16.9;Guinea;13.3;$30.7 ;5.8;6.7;$2.310;3.6;9.7;482.7;38.7
67;Guinea-Bissau;GuineaBissau;Sub-Saharan Africa;148;32;53.3;41.3;48.4;14.8;88.7;86.7;67.3;39.1;61.2;82.7;49.0;30;30;15.5;20.0;25.0;10.3;21.1;Guinea-Bissau;1.7;$3.4 ;3.8;4.6;$1.937;4.1;1.4;17.3;56.1
68;Guyana;Guyana;Americas;124;24;56.2;53.6;42.6;34.1;66.0;64.4;58.6;58.9;62.1;82.5;66.8;55;30;6.6;33.3;40.0;26.2;34.5;Guyana;0.8;$6.7 ;3.4;3.2;$8.519;12.2;1.3;494.8;57.0
69;Haiti;Haiti;Americas;153;27;52.3;16.4;23.3;22.3;80.2;89.4;96.3;33.6;62.3;61.5;67.0;45;30;6.5;30.0;30.0;13.3;18.8;Haiti;11.1;$20.7 ;1.5;1.6;$1.864;13.5;13.5;105.0;33.0
70;Honduras;Honduras;Americas;93;18;61.1;48.6;34.2;28.6;82.3;78.2;96.7;56.7;31.5;72.2;79.4;65;60;2.8;25.0;25.0;22.8;26.9;Honduras;9.4;$49.2 ;3.7;3.9;$5.212;4.1;4.3;1.225.8;40.3
71;Hong Kong;HongKong;Asia-Pacific;2;2;89.1;93.6;76.8;84.7;93.0;90.3;99.9;96.2;89.1;80.7;95.0;80;90;0.0;15.0;16.5;14.1;18.0;Hong Kong SAR;7.5;$480.5 ;3.0;2.8;$64.216;2.8;2.4;115.661.9;0.1
72;Hungary;Hungary;Europe;62;33;66.4;64.8;45.7;47.5;79.9;34.5;83.6;60.2;64.6;79.9;86.4;80;70;1.8;15.0;19.0;37.7;46.7;Hungary;9.8;$311.9 ;4.9;3.8;$31.903;3.7;2.8;6.389.3;69.4
73;Iceland;Iceland;Europe;13;7;77.1;87.6;63.2;90.3;71.7;44.1;97.5;84.7;63.5;80.3;86.8;85;70;1.6;31.8;20.0;37.7;43.2;Iceland;0.3;$19.5 ;4.6;4.5;$55.917;2.9;2.7;-335.8;35.4
74;India;India;Asia-Pacific;120;28;56.5;63.0;64.1;47.2;79.4;77.9;13.1;65.6;41.2;73.0;73.4;40;40;5.8;30.9;32.4;7.3;27.1;India;1334.2;$10.505.3 ;7.1;7.6;$7.874;2.6;3.5;42.285.7;69.8
75;Indonesia;Indonesia;Asia-Pacific;54;12;67.2;59.8;56.2;37.2;83.4;91.7;90.2;70.0;49.2;78.4;80.8;50;60;2.1;30.0;25.0;11.5;16.7;Indonesia;264.2;$3.494.7 ;5.2;5.0;$13.230;4.3;3.2;21.979.8;29.2
76;Iran;Iran;Middle East and North Africa;164;13;49.2;36.9;37.1;33.5;81.0;89.2;86.5;57.3;50.7;49.0;54.6;5;10;15.2;35.0;25.0;7.3;19.0;Iran;82.4;$1.610.7 ;-3.9;2.8;$19.557;12.0;31.2;3.480.3;33.2
77;Iraq;Iraq;Middle East and North Africa;N/A;N/A;N/A;43.9;11.2;20.8;N/A;59.5;76.6;52.6;44.8;76.4;N/A;N/A;N/A;N/A;15.0;15.0;2.0;36.7;Iraq;38.1;$673.3 ;0.6;3.1;$17.659;7.9;0.4;-4.885.1;48.4
78;Ireland;Ireland;Europe;6;2;80.9;86.6;64.4;82.8;76.4;78.8;91.4;82.7;75.9;85.3;86.4;90;70;1.8;41.0;12.5;22.8;26.6;Ireland;4.9;$385.9 ;6.8;10.5;$78.785;5.7;0.7;-66.346.4;65.2
79;Israel;Israel;Middle East and North Africa;26;2;74.0;82.3;71.8;77.2;61.0;53.5;89.2;72.2;64.4;84.9;86.2;75;70;1.9;48.0;23.0;32.7;39.4;Israel;8.9;$337.2 ;3.3;3.4;$37.972;4.0;0.8;21.803.0;59.6
80;Italy;Italy;Europe;74;37;63.8;75.4;51.3;62.2;56.0;28.5;71.1;70.4;50.9;83.2;86.4;80;50;1.8;43.0;27.5;42.4;48.8;Italy;60.5;$2.397.4 ;0.9;0.9;$39.637;10.2;1.2;24.275.9;132.1
81;Jamaica;Jamaica;Americas;49;6;68.5;62.1;50.5;46.8;80.0;74.8;80.2;77.7;74.0;77.7;68.4;80;50;10.8;25.0;25.0;27.3;29.0;Jamaica;2.9;$27.0 ;1.4;1.0;$9.447;9.5;3.7;774.7;99.4
82;Japan;Japan;Asia-Pacific;30;8;73.3;86.6;71.4;80.5;68.3;55.8;62.0;81.4;78.7;84.4;80.0;70;60;2.5;40.8;23.9;30.6;38.4;Japan;126.5;$5.594.5 ;0.8;1.0;$44.227;2.5;1.0;9.857.6;237.1
83;Jordan;Jordan;Middle East and North Africa;66;5;66.0;64.8;54.6;49.6;91.8;73.5;55.9;60.1;52.5;77.6;81.2;70;60;4.4;14.0;20.0;15.0;29.7;Jordan;9.9;$93.4 ;2.0;2.3;$9.433;15.0;4.5;949.9;94.2
84;Kazakhstan;Kazakhstan;Asia-Pacific;39;10;69.6;61.3;62.1;40.9;92.3;85.5;84.1;74.6;86.0;68.1;80.2;50;50;2.4;10.0;20.0;16.4;22.0;Kazakhstan;18.5;$508.6 ;4.1;2.9;$27.550;4.9;6.0;3.816.6;21.9
85;Kenya;Kenya;Sub-Saharan Africa;132;23;55.3;63.2;48.6;28.2;78.7;79.6;13.5;55.0;55.8;75.0;60.4;55;50;12.3;30.0;30.0;18.1;26.1;Kenya;48.0;$177.3 ;6.0;5.6;$3.691;9.3;4.7;1.625.9;57.2
86;Kiribati;Kiribati;Asia-Pacific;172;41;45.2;47.5;34.2;24.3;72.4;0.0;99.0;40.6;62.9;82.2;23.8;25;30;28.1;35.0;35.0;17.5;125.7;Kiribati;0.1;$0.2 ;2.3;3.5;$2.086;30.6;1.9;0.6;21.9
87;Korea. North ;NorthKorea;Asia-Pacific;180;42;4.2;20.1;5.0;15.1;0.0;0.0;0.0;5.0;5.0;0.0;0.0;0;0;N/A;N/A;N/A;N/A;N/A;Korea. North ;25.6;$40.00 ;-4.1;-0.8;$1.700;3.3;N/A;52.0;N/A
88;Korea. South;SouthKorea;Asia-Pacific;25;7;74.0;82.5;61.0;67.5;63.9;67.7;96.7;90.5;56.2;82.1;80.0;70;70;5.0;42.0;25.0;26.9;32.8;Korea. South;51.7;$2.136.3 ;2.7;3.0;$41.351;3.8;1.5;14.479.3;40.7
185;Kosovo;Kosovo;Europe;53;28;67.4;66.3;54.1;39.2;92.6;76.5;94.0;75.0;61.0;78.4;76.2;65;30;4.4;10.0;10.0;23.3;28.0;Kosovo;1.8;$20.9 ;4.0;3.5;$11.552;30.5;1.1;3590;17.0
89;Kuwait;Kuwait;Middle East and North Africa;79;8;63.2;57.1;47.0;46.0;97.7;22.4;99.6;61.3;62.2;73.2;76.4;55;60;4.3;0.0;15.0;1.4;50.9;Kuwait;4.6;$306.4 ;1.7;0.5;$67.000;2.1;0.7;345.5;14.8
90;Kyrgyz Republic;KyrgyzRepublic;Asia-Pacific;81;16;62.9;53.6;31.3;32.0;94.1;58.5;66.7;73.6;79.6;76.4;79.2;60;50;2.9;10.0;10.0;19.8;37.2;Kyrgyz Republic;6.4;$24.5 ;3.5;4.1;$3.844;7.2;1.5;47.0;56.0
91;Laos;Laos;Asia-Pacific;129;31;55.5;42.5;37.3;32.0;87.0;86.6;53.3;54.3;58.6;76.8;82.0;35;20;1.5;24.0;24.0;12.0;21.1;Lao P.D.R.;6.8;$53.7 ;6.5;7.0;$7.925;0.6;2.0;1.319.6;63.0
92;Latvia;Latvia;Europe;32;17;71.9;72.3;51.1;46.4;76.9;58.3;96.5;77.0;72.4;80.2;86.4;85;60;1.8;31.4;20.0;30.4;37.3;Latvia;1.9;$57.8 ;4.8;3.3;$29.901;7.9;2.6;879.4;37.6
93;Lebanon;Lebanon;Middle East and North Africa;157;12;51.7;44.6;30.8;25.0;90.8;72.5;0.0;45.6;47.8;75.6;77.4;60;50;3.8;20.0;17.0;15.3;30.3;Lebanon;6.1;$89.5 ;0.3;0.9;$14.684;6.2;6.1;2.879.8;150.9
94;Lesotho;Lesotho;Sub-Saharan Africa;138;26;54.5;45.2;47.0;29.6;73.0;34.4;60.3;52.8;58.8;75.7;82.2;55;40;1.4;35.0;25.0;29.1;46.8;Lesotho;2.0;$6.9 ;1.5;1.7;$3.394;23.6;5.2;39.3;39.0
95;Liberia;Liberia;Sub-Saharan Africa;165;40;49.0;31.1;37.9;23.8;86.1;65.5;59.7;48.2;38.2;62.1;60.6;55;20;12.2;25.0;25.0;11.9;33.9;Liberia;4.5;$6.3 ;1.2;0.6;$1.418;2.0;23.4;122.2;40.5
96;Libya;Libya;Middle East and North Africa;N/A;N/A;N/A;30.1;20.8;18.9;N/A;0;N/A;40.7;53.9;53.6;N/A;5;N/A;N/A;10.0;N/A;N/A;105.8;Libya;6.5;$74.7 ;17.9;1.7;$11.469;17.3;23.1;N/A;4.9
97;Liechtenstein;Liechtenstein;Europe;N/A;N/A;N/A;N/A;N/A;N/A;N/A;N/A;N/A;N/A;N/A;N/A;N/A;85;80;N/A;8.0;12.5;N/A;N/A;Liechtenstein;0.038;N/A;N/A;N/A;N/A;1.8;0.5;N/A;N/A
98;Lithuania;Lithuania;Europe;16;9;76.7;77.9;62.1;67.4;84.9;66;97.4;71.9;76.5;79.7;86.4;80;70;1.8;20.0;15.0;29.8;33.7;Lithuania;2.8;$97.0 ;3.4;3.1;$34.826;6.0;2.5;905.1;35.9
99;Luxembourg;Luxembourg;Europe;19;10;75.8;86.4;74.4;90.3;64.1;45.4;99.0;66.8;45.3;76.4;86.4;95;80;1.8;42.0;18.0;38.7;42.7;Luxembourg;0.6;$64.2 ;3.0;3.0;$106.705;5.5;2.0;-5.615.0;21.8
100;Macau;Macau;Asia-Pacific;35;9;70.3;60.0;60.0;33.5;75.0;89.8;99.9;60.0;50.0;70.0;90.0;85;70;0.0;12.0;39.0;28.9;18.5;Macau;0.7;$77.3 ;4.7;-1.8;$116.808;2.0;3.0;1.113.4;0.0
101;North Macedonia;Macedonia;Europe;41;23;69.5;62.5;42.7;42.2;91.5;71.0;87.7;80.6;67.0;77.7;86.2;65;60;1.9;10.0;10.0;25.5;31.1;Macedonia;2.1;$32.6 ;2.7;2.6;$15.709;21.6;1.5;737.1;39.5
102;Madagascar;Madagascar;Sub-Saharan Africa;99;8;60.5;45.6;39.6;25.0;90.7;91.5;90.6;47.3;44.6;72.7;73.6;55;50;5.7;20.0;20.0;11.5;16.8;Madagascar;26.3;$42.9 ;5.2;4.0;$1.630;1.7;7.3;349.1;39.7
103;Malawi;Malawi;Sub-Saharan Africa;152;34;52.8;43.1;42.1;24.8;79.0;71.7;23.6;41.9;62.8;69.1;75.4;50;50;4.8;30.0;30.0;17.3;30.7;Malawi;19.7;$23.7 ;3.2;3.6;$1.199;5.4;9.2;101.6;61.3
104;Malaysia;Malaysia;Asia-Pacific;24;6;74.7;86.5;74.6;49.4;85.7;84.6;80.2;87.8;74.5;81.6;82.0;60;50;4.0;25.0;25.0;13.6;22.6;Malaysia;32.4;$999.4 ;4.7;5.2;$30.860;3.4;1.0;8.091.0;56.2
105;Maldives;Maldives;Asia-Pacific;119;27;56.5;48.5;31.7;39.2;95.8;67.9;42.9;78.7;70.6;77.0;61.0;35;30;12.0;0.0;0.0;20.5;32.7;Maldives;0.4;$8.0 ;7.0;6.3;$21.760;6.1;1.5;551.8;61.5
106;Mali;Mali;Sub-Saharan Africa;126;20;55.9;36.1;32.7;20.7;69.2;85.8;73.6;49.2;52.2;81.6;65.0;65;40;10.0;40.0;35.0;16.1;21.8;Mali;18.5;$44.2 ;4.9;5.9;$2.384;9.6;1.7;365.9;36.6
107;Malta;Malta;Europe;42;22;69.5;70.5;49.6;55.1;64.8;60.0;95.9;68.0;61.1;77.1;86.4;85;60;1.8;35.0;35.0;32.7;36.5;Malta;0.5;$21.3 ;6.4;7.6;$45.606;4.6;1.7;4.061.2;45.4
108;Mauritania;Mauritania;Sub-Saharan Africa;130;21;55.3;32.5;20.8;21.9;80.9;76.4;85.9;61.7;51.3;79.6;62.6;50;40;8.7;30.0;25.0;19.7;28.0;Mauritania;4.5;$18.1 ;3.0;2.8;$3.990;10.3;3.1;70.8;83.9
109;Mauritius;Mauritius;Sub-Saharan Africa;21;1;74.9;75.8;62.6;53.3;91.5;82.1;79.3;82.5;60.2;73.8;88.2;80;70;0.9;15.0;15.0;20.0;24.4;Mauritius;1.3;$30.0 ;3.8;3.7;$23.699;6.9;3.2;371.5;65.2
110;Mexico;Mexico;Americas;67;11;66.0;58.3;34.7;36.7;76.1;79.3;87.5;67.0;58.4;70.9;87.6;75;60;1.2;35.0;30.0;16.2;26.3;Mexico;124.7;$2.569.8 ;2.0;2.6;$20.602;3.3;4.9;31.604.3;53.6
111;Micronesia;Micronesia;Asia-Pacific;156;38;52.0;30.1;26.5;22.3;92.9;0.0;99.2;56.9;78.2;82.2;70.8;35;30;7.1;10.0;21.0;13.0;63.2;Micronesia;0.1;$0.4 ;2.1;1.6;$3.482;16.2;2.0;20.2;20.2
112;Moldova;Moldova;Europe;87;40;62.0;60.5;31.7;37.2;86.1;71.6;96.2;68.1;37.0;72.0;78.0;55;50;3.5;12.0;12.0;33.2;30.8;Moldova;3.5;$25.9 ;4.0;3.6;$7.305;3.4;3.1;227.7;27.1
113;Mongolia;Mongolia;Asia-Pacific;127;30;55.9;50.3;23.0;36.9;87.4;66.6;9.3;63.6;75.7;74.2;74.0;50;60;5.5;10.0;25.0;23.2;33.4;Mongolia;3.2;$43.5 ;6.9;4.7;$13.447;6.3;7.7;2.173.7;73.3
114;Montenegro;Montenegro;Europe;91;42;61.5;59.1;55.3;47.5;85.4;32.1;23.4;70.8;74.8;80.3;83.8;75;50;3.1;9.0;9.0;36.0;47.6;Montenegro;0.6;$11.9 ;4.5;3.5;$19.043;15.5;2.6;489.6;72.1
115;Morocco;Morocco;Middle East and North Africa;78;7;63.3;66.3;48.0;39.2;71.8;72.8;67.2;70.4;33.0;77.0;78.6;65;70;3.2;38.0;30.0;21.8;30.1;Morocco;35.2;$314.6 ;3.1;3.1;$8.933;9.0;1.9;3.640.4;65.2
116;Mozambique;Mozambique;Sub-Saharan Africa;160;37;50.5;34.9;31.7;23.2;74.1;69.6;40.3;55.3;41.7;72.0;78.0;35;50;3.5;32.0;32.0;23.2;31.8;Mozambique;30.3;$39.2 ;3.3;5.0;$1.291;3.2;3.9;2.711.1;100.4
117;Namibia;Namibia;Sub-Saharan Africa;96;7;60.9;58.9;58.5;46.0;65.7;58.1;28.7;65.6;84.9;75.9;83.2;65;40;0.9;37.0;34.0;30.1;37.4;Namibia;2.4;$27.1 ;-0.1;2.4;$11.229;23.1;4.3;195.8;47.1
118;Nepal;Nepal;Asia-Pacific;139;34;54.2;40.7;32.0;31.5;83.4;77.9;98.1;61.6;53.7;71.2;60.4;10;30;12.3;25.0;25.0;20.3;27.2;Nepal;29.6;$86.1 ;6.3;4.8;$2.905;1.3;4.2;160.8;30.4
119;Netherlands;Netherlands;Europe;14;8;77.0;90.0;73.9;90.1;51.7;45.2;94.1;80.4;60.2;82.5;86.4;90;80;1.8;52.0;25.0;38.8;42.7;Netherlands;17.2;$969.2 ;2.5;2.2;$56.383;3.9;1.6;69.658.5;54.4
120;New Zealand;NewZealand;Asia-Pacific;3;3;84.1;93.3;79.1;93.9;71.0;57.8;98.3;90.4;86.7;87.0;92.2;80;80;1.4;33.0;28.0;32.0;37.5;New Zealand;4.9;$197.8 ;3.0;3.4;$40.135;4.5;1.6;1.403.7;29.4
121;Nicaragua;Nicaragua;Americas;115;23;57.2;33.5;19.5;24.3;76.3;77.5;87.2;55.1;55.5;71.5;75.4;60;50;2.3;30.0;30.0;23.8;27.4;Nicaragua;6.3;$35.7 ;-4.0;3.0;$5.683;4.5;5.0;359.2;37.2
122;Niger;Niger;Sub-Saharan Africa;137;25;54.7;45.6;42.6;33.4;76.7;79.0;44.7;55.4;47.9;74.8;61.2;55;40;11.9;35.0;30.0;14.4;26.5;Niger;19.3;$23.5 ;5.2;5.4;$1.217;0.3;3.0;460.1;55.1
123;Nigeria;Nigeria;Sub-Saharan Africa;116;14;57.2;38.1;32.2;22.3;85.1;96.2;64.1;54.7;84.0;61.7;62.4;45;40;11.3;24.0;30.0;3.6;11.2;Nigeria;193.9;$1.168.5 ;1.9;2.0;$6.027;6.0;12.1;1.997.5;28.4
124;Norway;Norway;Europe;28;15;73.4;84.3;82.8;95.6;57.7;25.6;97.3;86.1;57.4;74.8;83.8;75;60;3.1;47.8;22.0;38.2;49.8;Norway;5.3;$395.9 ;1.4;1.7;$74.356;3.9;2.8;-18.214.7;36.8
125;Oman;Oman;Middle East and North Africa;75;6;63.6;66.4;66.2;64.6;98.4;36.2;14.8;74.6;56.9;78.4;81.6;65;60;1.7;0.0;12.0;4.2;46.1;Oman;4.3;$198.5 ;2.1;2.4;$46.584;3.1;0.9;4.190.5;50.9
126;Pakistan;Pakistan;Asia-Pacific;135;32;54.8;48.3;43.2;29.7;80.4;86.8;40.4;54.9;41.3;72.5;64.8;55;40;10.1;30.0;30.0;12.5;21.0;Pakistan;201.0;$1.141.4 ;5.2;4.7;$5.680;3.0;3.9;2.352.0;72.1
127;Panama;Panama;Americas;55;9;67.2;58.8;30.0;37.2;85.3;85.7;91.2;70.8;43.3;79.4;79.2;75;70;5.4;25.0;25.0;14.7;21.8;Panama;4.2;$106.8 ;3.9;5.0;$25.675;3.9;0.8;5.548.5;39.4
128;Papua New Guinea;PapuaNewGuinea;Asia-Pacific;108;23;58.4;54.9;48.4;29.7;71.5;86.4;76.4;58.4;69.6;70.7;79.8;25;30;2.6;42.0;30.0;13.7;21.3;Papua New Guinea;8.4;$30.9 ;0.0;5.0;$3.662;2.4;4.7;335.2;36.9
129;Paraguay;Paraguay;Americas;80;15;63.0;44.7;26.4;29.6;96.1;88.6;98.0;60.9;29.0;72.5;75.4;75;60;4.8;10.0;10.0;13.8;19.5;Paraguay;7.1;$94.5 ;3.7;4.2;$13.395;4.7;4.0;453.9;21.6
130;Peru;Peru;Americas;51;8;67.9;54.9;30.6;33.5;80.8;86.4;89.0;67.1;62.9;86.3;88.4;75;60;0.8;30.0;28.0;15.3;21.3;Peru;32.2;$457.5 ;4.0;3.2;$14.224;2.8;1.3;6.175.1;26.8
131;Philippines;Philippines;Asia-Pacific;70;14;64.5;54.6;34.2;38.7;76.7;87.9;96.3;59.5;57.4;66.9;81.6;60;60;1.7;35.0;30.0;14.2;20.1;Philippines;106.6;$952.6 ;6.2;6.4;$8.936;2.5;5.2;6.456.2;39.6
132;Poland;Poland;Europe;46;25;69.1;63.1;42.8;64.6;74.7;48.8;92.2;62.6;62.0;82.0;86.4;80;70;1.8;32.0;19.0;33.9;41.3;Poland;38.0;$1.212.9 ;5.1;4.0;$31.939;3.7;1.6;11.476.2;48.4
133;Portugal;Portugal;Europe;56;29;67.0;75.4;65.6;68.9;59.6;39.8;74.4;76.5;44.1;83.0;86.4;70;60;1.8;48.0;23.0;34.7;44.8;Portugal;10.3;$329.2 ;2.1;1.9;$32.006;6.9;1.2;4.894.8;121.4
134;Qatar;Qatar;Middle East and North Africa;31;3;72.3;66.9;58.7;64.6;99.8;64.6;93.7;71.1;65.9;80.6;81.6;60;60;4.2;0.0;0.0;4.9;34.3;Qatar;2.7;$354.8 ;2.2;2.7;$130.475;0.1;0.2;-2.186.3;48.4
135;Romania;Romania;Europe;38;21;69.7;72.5;56.1;55.1;90.3;70.4;85.6;58.6;63.0;78.1;86.4;70;50;1.8;10.0;16.0;24.7;31.4;Romania;19.5;$516.3 ;4.1;4.6;$26.447;4.3;4.6;5.887.7;36.6
136;Russia;Russia;Europe;94;43;61.0;56.8;44.4;41.3;88.5;63.8;98.7;80.2;52.1;68.2;77.8;30;30;3.6;13.0;20.0;24.2;34.7;Russia;144.0;$4.213.4 ;2.3;0.5;$29.267;4.7;2.9;13.332.4;14.0
137;Rwanda;Rwanda;Sub-Saharan Africa;33;2;70.9;76.5;78.3;57.6;79.2;79.8;86.7;60.3;81.8;79.8;70.4;60;40;7.3;30.0;30.0;16.6;26.0;Rwanda;12.0;$27.4 ;8.6;7.4;$2.280;1.0;1.4;398.5;40.7
138;Saint Lucia;SaintLucia;Americas;50;7;68.2;69.8;62.6;41.8;76.9;80.6;83.8;76.7;66.4;82.0;73.2;65;40;5.9;30.0;30.0;22.5;25.5;Saint Lucia;0.2;$2.5 ;1.0;1.8;$14.355;20.9;1.9;135.1;66.8
139;Saint Vincent and the Grenadines;SaintVincentGrenadines;Americas;59;10;66.8;50.5;62.6;46.1;72.4;73.7;89.0;75.8;73.3;80.8;67.2;70;40;8.9;30.0;33.0;27.8;29.6;Saint Vincent and the Grenadines;0.1;$1.3 ;2.0;0.9;$11.956;19.8;2.4;100.5;73.1
140;Samoa;Samoa;Asia-Pacific;86;18;62.1;60.5;31.7;31.5;79.6;62.5;94.6;76.6;78.8;79.5;64.6;55;30;10.2;27.0;27.0;24.1;35.3;Samoa;0.2;$1.2 ;0.7;2.7;$5.890;8.3;3.7;16.7;50.2
141;São Tomé and Príncipe;SaoTomePrincipe;Sub-Saharan Africa;125;19;56.2;41.0;26.5;37.4;88.3;77.1;73.0;64.8;43.4;68.1;64.2;60;30;10.4;20.0;25.0;12.1;27.6;São Tomé and Príncipe;0.2;$0.7 ;3.0;4.3;$3.324;13.3;7.9;17.5;81.3
142;Saudi Arabia;SaudiArabia;Middle East and North Africa;83;9;62.4;64.6;72.3;49.6;99.8;61.8;19.3;66.6;63.3;81.0;75.4;45;50;4.8;2.5;2.5;3.4;35.7;Saudi Arabia;33.2;$1.857.5 ;2.2;2.2;$55.944;5.9;2.5;3.208.8;19.1
143;Senegal;Senegal;Sub-Saharan Africa;110;13;58.0;52.4;39.8;40.6;70.2;84.4;75.2;50.4;38.1;79.7;65.4;60;40;12.3;40.0;30.0;22.0;22.8;Senegal;16.3;$59.5 ;6.2;6.5;$3.651;6.5;0.5;629.3;64.4
144;Serbia;Serbia;Europe;65;35;66.0;55.4;46.8;44.0;83.7;49.7;94.1;72.6;66.9;80.7;78.0;70;50;6.0;10.0;15.0;36.1;40.9;Serbia;7.0;$122.8 ;4.4;2.0;$17.555;13.5;2.0;4.125.5;54.3
145;Seychelles;Seychelles;Sub-Saharan Africa;72;4;64.3;68.3;46.4;53.3;76.8;58.9;93.2;65.3;62.8;78.6;82.6;55;30;3.7;15.0;33.0;31.7;37.0;Seychelles;0.1;$2.9 ;3.6;4.6;$30.505;3.0;3.7;123.9;58.2
146;Sierra Leone;SierraLeone;Sub-Saharan Africa;168;43;48.0;40.7;39.4;21.8;87.5;83.5;9.8;50.1;29.7;64.2;69.4;60;20;10.3;15.0;30.0;11.1;23.4;Sierra Leone;7.6;$12.3 ;3.7;-0.4;$1.620;4.3;16.9;599.0;71.3
147;Singapore;Singapore;Asia-Pacific;1;1;89.4;96.8;92.9;92.4;90.3;91.1;80.0;92.8;90.9;85.6;94.8;85;80;0.1;22.0;17.0;14.1;17.2;Singapore;5.6;$565.8 ;3.2;3.3;$100.345;3.8;0.4;77.646.1;108.3
148;Slovakia;Slovakia;Europe;60;32;66.8;73.1;41.7;49.7;78.5;50.2;92.6;55.3;52.6;75.9;86.4;75;70;1.8;25.0;21.0;32.9;40.8;Slovak Republic;5.4;$191.2 ;4.1;3.5;$35.130;6.8;2.5;475.1;48.8
149;Slovenia;Slovenia;Europe;52;27;67.8;76.5;48.6;67.4;59.2;42.9;90.3;78.4;61.4;82.2;86.4;70;50;1.8;50.0;17.0;36.0;43.6;Slovenia;2.1;$76.0 ;4.5;3.5;$36.746;5.5;1.7;1.418.7;68.5
150;Solomon Islands;SolomonIslands;Asia-Pacific;150;36;52.9;54.6;53.7;33.5;65.6;34.2;76.6;67.7;72.0;84.3;48.0;15;30;18.5;40.0;30.0;30.6;46.8;Solomon Islands;0.6;$1.4 ;3.4;3.0;$2.242;1.8;1.0;11.7;12.1
184;Somalia;Somalia;Sub-Saharan Africa;N/A;N/A;N/A;20.1;26.5;13.1;N/A;N/A;N/A;31.6;N/A;N/A;N/A;N/A;N/A;N/A;N/A;N/A;N/A;N/A;Somalia;11.3;$21.2 ;3.1;2.9;N/A;14.0;1.5;409.0;N/A
151;South Africa;SouthAfrica;Sub-Saharan Africa;106;12;58.8;58.4;38.0;46.6;63.7;67.4;64.0;62.0;58.8;75.9;75.8;45;50;4.6;45.0;28.0;28.6;33.0;South Africa;57.7;$789.4 ;0.8;1.1;$13.675;27.0;4.6;5.334.0;56.7
152;Spain;Spain;Europe;58;31;66.9;74.9;51.8;55.1;62.1;48.3;62.6;66.8;57.7;82.0;86.4;85;70;1.8;45.0;25.0;33.7;41.5;Spain;46.4;$1.864.4 ;2.5;2.7;$40.139;15.5;1.7;43.591.2;97.0
153;Sri Lanka;SriLanka;Asia-Pacific;112;24;57.4;47.7;39.2;34.7;84.8;88.9;39.3;76.5;58.6;71.1;67.6;40;40;8.7;24.0;28.0;12.6;19.2;Sri Lanka;21.7;$290.6 ;3.0;4.2;$13.397;4.4;4.3;1.610.5;84.1
154;Sudan;Sudan;Sub-Saharan Africa;173;44;45.0;33.7;20.8;25.5;86.1;94.5;12.4;53.5;60.0;77.0;52.0;5;20;14.0;10.0;35.0;8.0;13.6;Sudan;42.0;$177.7 ;-2.1;1.8;$4.232;12.9;63.3;1.135.8;163.2
155;Suriname;Suriname;Americas;163;29;49.5;45.6;19.5;36.9;70.5;74.8;10.3;48.2;71.9;76.1;69.8;40;30;7.6;38.0;36.0;14.6;29.0;Suriname;0.6;$8.9 ;2.0;-1.0;$15.105;7.6;6.9;190.2;69.6
157;Sweden;Sweden;Europe;22;12;74.9;88.8;79.9;91.4;43.6;25.8;97.0;85.3;53.8;81.2;86.4;85;80;1.8;57.0;21.4;44.0;49.7;Sweden;10.2;$542.0 ;2.3;2.8;$52.984;6.4;2.0;11.148.1;39.0
158;Switzerland;Switzerland;Europe;5;1;82.0;87.4;81.5;90.1;70.1;65.3;96.7;74.2;72.4;84.4;86.6;85;90;1.7;11.5;8.5;28.5;34.0;Switzerland;8.5;$548.5 ;2.5;1.9;$64.649;4.9;0.9;-87.212.1;40.5
159;Syria;Syria;Middle East and North Africa;N/A;N/A;N/A;45.6;20.8;21.9;N/A;N/A;N/A;48.9;59.3;58.8;51.6;0;N/A;N/A;N/A;N/A;N/A;N/A;Syria;18.3;$64.5 ;5.0;-3.1;$3.520;8.1;0.9;N/A;130.6
160;Taiwan ;Taiwan;Asia-Pacific;11;5;77.1;86.9;70.1;68.9;75.0;90.5;91.0;93.9;60.3;82.7;86.0;60;60;2.0;45.0;20.0;8.9;17.8;Taiwan ;23.6;$1.251.5 ;2.6;2.4;$53.023;3.7;1.5;6.998.0;35.0
161;Tajikistan;Tajikistan;Asia-Pacific;155;37;52.2;49.1;50.0;32.0;91.8;62.3;26.0;65.9;47.7;71.0;75.0;25;30;5.0;13.0;15.0;20.6;34.0;Tajikistan;9.1;$31.1 ;7.0;6.7;$3.416;10.9;3.8;316.7;47.9
162;Tanzania;Tanzania;Sub-Saharan Africa;89;6;61.7;41.9;43.4;32.5;80.6;91.6;92.9;45.9;66.4;72.2;67.8;55;50;8.6;30.0;30.0;11.8;16.8;Tanzania;51.0;$175.8 ;6.6;6.6;$3.444;1.9;3.5;1.104.8;36.0
163;Thailand;Thailand;Asia-Pacific;43;11;69.4;59.5;48.0;43.4;80.7;85.9;96.4;83.0;63.7;74.0;83.0;55;60;3.5;35.0;20.0;17.6;21.7;Thailand;67.8;$1.320.4 ;4.1;3.1;$19.476;0.7;1.1;10.492.6;42.1
164;Timor-Leste;TimorLeste;Asia-Pacific;171;40;45.9;45.2;12.6;32.5;96.3;5.3;19.9;64.0;58.9;76.5;75.0;45;20;2.5;10.0;10.0;13.1;56.2;Timor-Leste;1.3;$6.7 ;0.8;1.9;$5.242;3.0;2.3;47.9;5.4
165;Togo;Togo;Sub-Saharan Africa;140;27;54.1;41.6;31.7;31.2;67.5;78.6;59.4;55.0;46.9;79.5;63.2;65;30;13.4;45.0;27.0;22.2;26.7;Togo;8.0;$14.0 ;4.7;5.3;$1.746;1.7;0.7;102.0;74.6
166;Tonga;Tonga;Asia-Pacific;107;22;58.8;60.9;26.5;44.2;85.2;42.8;95.2;75.0;69.8;71.4;74.0;40;20;5.5;20.0;25.0;21.3;43.7;Tonga;0.1;$0.6 ;1.8;3.0;$6.111;1.0;3.9;8.2;49.2
167;Trinidad and Tobago;TrinidadTobago;Americas;109;21;58.3;56.6;42.1;37.4;82.6;66.5;15.9;67.3;76.0;77.4;67.8;60;50;8.6;25.0;25.0;22.2;33.4;Trinidad and Tobago;1.4;$44.4 ;0.3;-1.5;$32.254;2.8;1.1;-436.1;45.3
168;Tunisia;Tunisia;Middle East and North Africa;128;10;55.8;56.4;43.6;39.7;74.2;73.1;38.8;78.1;49.8;73.9;66.4;45;30;9.3;35.0;30.0;21.4;30.0;Tunisia;11.7;$144.2 ;2.5;1.9;$12.372;15.5;7.3;1.035.9;77.0
169;Turkey;Turkey;Europe;71;36;64.4;57.4;53.7;44.6;76.7;64.1;86.1;67.0;49.2;66.1;78.0;70;60;3.5;35.0;22.0;24.9;34.6;Turkey;82.0;$2.292.5 ;2.6;4.9;$27.956;10.9;16.3;12.944.0;29.1
170;Turkmenistan;Turkmenistan;Asia-Pacific;170;39;46.5;20.1;20.0;21.4;95.9;93.1;94.5;30.0;20.0;68.7;74.2;10;10;2.9;10.0;8.0;15.6;15.1;Turkmenistan;5.8;$112.7 ;6.2;7.1;$19.527;3.8;13.6;1.985.1;29.3
171;Uganda;Uganda;Sub-Saharan Africa;102;10;59.5;45.6;36.9;21.4;80.3;88.4;64.3;46.0;83.1;78.0;75.4;55;40;7.3;30.0;30.0;13.1;19.7;Uganda;38.8;$97.0 ;6.2;4.7;$2.498;1.7;2.6;1.337.1;42.2
172;Ukraine;Ukraine;Europe;134;45;54.9;47.5;42.2;37.9;81.1;47.2;83.9;61.3;48.3;63.0;81.2;35;30;1.9;20.0;18.0;34.2;42.0;Ukraine;42.0;$390.3 ;3.3;-1.6;$9.283;9.4;10.9;2.355.0;63.9
173;United Arab Emirates;UnitedArabEmirates;Middle East and North Africa;18;1;76.2;80.3;84.6;64.6;99.2;72.1;94.1;78.6;81.3;79.6;80.4;40;60;4.8;0.0;0.0;9.2;30.5;United Arab Emirates;10.4;$723.7 ;1.7;3.0;$69.382;2.6;3.1;10.385.3;18.7
174;United Kingdom;UnitedKingdom;Europe;7;3;79.3;92.2;82.7;89.9;64.7;49.5;78.1;94.7;73.1;80.3;86.4;80;80;1.8;45.0;20.0;33.3;41.0;United Kingdom;66.5;$3.037.8 ;1.4;2.1;$45.705;4.0;2.5;64.486.8;86.9
175;United States;UnitedStates;Americas;17;3;76.6;81.8;83.7;77.2;74.6;56.5;54.3;83.3;87.9;75.5;79.8;85;80;2.6;37.0;21.0;27.1;38.1;United States;327.4;$20.494.1 ;2.9;2.4;$62.606;3.9;2.4;251.814.0;105.8
176;Uruguay;Uruguay;Americas;47;5;69.1;72.0;59.8;73.5;75.2;66.5;72.3;73.6;71.0;72.7;77.4;85;30;6.3;30.0;25.0;30.9;33.4;Uruguay;3.5;$81.6 ;2.1;2.0;$23.274;8.0;7.6;-626.5;70.0
177;Uzbekistan;Uzbekistan;Asia-Pacific;114;26;57.2;59.1;34.2;28.2;91.6;74.7;98.9;72.6;59.9;59.9;67.6;20;20;8.7;22.0;7.5;17.3;29.0;Uzbekistan;32.7;$250.3 ;5.0;7.8;$7.665;5.2;17.9;412.4;23.5
178;Vanuatu;Vanuatu;Asia-Pacific;98;19;60.7;68.3;36.1;37.4;97.1;61.1;78.4;51.8;54.6;74.6;63.4;65;40;8.3;0.0;0.0;17.1;36.0;Vanuatu;0.3;$0.8 ;3.2;2.7;$2.862;5.4;2.8;38.0;50.5
179;Venezuela;Venezuela;Americas;179;32;25.2;10.1;12.6;14.6;72.8;66.3;0.0;30.8;27.7;0.0;58.0;0;10;11.0;34.0;34.0;20.2;33.5;Venezuela;29.2;$277.8 ;-18.0;-12.2;$8.800;8.4;929789.5;956.0;175.6
180;Vietnam;Vietnam;Asia-Pacific;105;21;58.8;52.6;40.1;33.8;79.5;75.9;58.0;65.6;62.5;68.2;79.6;40;50;2.7;35.0;22.0;18.6;28.3;Vietnam;94.6;$710.3 ;7.1;6.6;$7.511;1.9;3.5;15.500.0;57.5
181;Yemen;Yemen;Middle East and North Africa;N/A;N/A;N/A;22.5;20.1;21.9;N/A;96.5;60.1;43.9;43.8;42.6;70;50;N/A;5.0;N/A;N/A;7.4;10.8;Yemen;30.8;$73.3 ;-2.7;-7.8;$2.377;12.9;41.8;-282.1;63.2
182;Zambia;Zambia;Sub-Saharan Africa;147;31;53.5;45.2;31.3;28.4;73.2;81.7;18.4;66.4;47.0;72.2;72.6;55;50;6.2;35.0;35.0;15.2;24.7;Zambia;17.8;$72.9 ;3.5;3.6;$4.104;7.2;7.0;569.0;72.4
183;Zimbabwe;Zimbabwe;Sub-Saharan Africa;174;45;43.1;33.7;28.3;18.9;62.3;88.0;36.2;39.1;43.1;62.8;70.0;25;10;5.0;51.5;25.0;22.1;20.0;Zimbabwe;15.3;$42.5 ;3.4;2.6;$2.788;4.9;10.6;744.6;29.8
;;;;;;;;;;;;;;;;;;;;;;;;;;;;;;;;;